BC1__BC1-R,Ef1a__Ef1a,AAACAAACGTTTGTTT
BC104__﻿﻿BC1-R,GFP__Ef1a,AGTAATGGGTTTGTTT
BC104__BC2-R,GFP__Ef1a,AGTAATGGCCGTGTTT
BC104__BC3-R,GFP__Ef1a,AGTAATGGTAGTGTTT
BC104__BC4-R,GFP__PGK,AGTAATGGGGCGGTTT
BC104__BC5-R,GFP__PGK,AGTAATGGGATCGTTT
BC104__BC6-R,GFP__PGK,AGTAATGGTCACGTTT
BC104__BC64-R,GFP__Ef1a-MTS,AGTAATGGGTCGTCGT
BC104__BC65-R,GFP__Ef1a-MTS,AGTAATGGTTAAGCGT
BC104__BC66-R,GFP__Ef1a-MTS,AGTAATGGTGCTCCGT
BC104__BC67-R,GFP__PGK-MTS,AGTAATGGACTGCCGT
BC104__BC68-R,GFP__PGK-MTS,AGTAATGGTAACCCGT
BC104__BC69-R,GFP__PGK-MTS,AGTAATGGCCAACCGT
BC105__﻿﻿BC1-R,GFP__Ef1a,AGTAGTTAGTTTGTTT
BC105__BC2-R,GFP__Ef1a,AGTAGTTACCGTGTTT
BC105__BC3-R,GFP__Ef1a,AGTAGTTATAGTGTTT
BC105__BC4-R,GFP__PGK,AGTAGTTAGGCGGTTT
BC105__BC5-R,GFP__PGK,AGTAGTTAGATCGTTT
BC105__BC6-R,GFP__PGK,AGTAGTTATCACGTTT
BC105__BC64-R,GFP__Ef1a-MTS,AGTAGTTAGTCGTCGT
BC105__BC65-R,GFP__Ef1a-MTS,AGTAGTTATTAAGCGT
BC105__BC66-R,GFP__Ef1a-MTS,AGTAGTTATGCTCCGT
BC105__BC67-R,GFP__PGK-MTS,AGTAGTTAACTGCCGT
BC105__BC68-R,GFP__PGK-MTS,AGTAGTTATAACCCGT
BC105__BC69-R,GFP__PGK-MTS,AGTAGTTACCAACCGT
BC106__﻿﻿BC1-R,GFP__Ef1a,AGTCACAAGTTTGTTT
BC106__BC2-R,GFP__Ef1a,AGTCACAACCGTGTTT
BC106__BC3-R,GFP__Ef1a,AGTCACAATAGTGTTT
BC106__BC4-R,GFP__PGK,AGTCACAAGGCGGTTT
BC106__BC5-R,GFP__PGK,AGTCACAAGATCGTTT
BC106__BC6-R,GFP__PGK,AGTCACAATCACGTTT
BC106__BC64-R,GFP__Ef1a-MTS,AGTCACAAGTCGTCGT
BC106__BC65-R,GFP__Ef1a-MTS,AGTCACAATTAAGCGT
BC106__BC66-R,GFP__Ef1a-MTS,AGTCACAATGCTCCGT
BC106__BC67-R,GFP__PGK-MTS,AGTCACAAACTGCCGT
BC106__BC68-R,GFP__PGK-MTS,AGTCACAATAACCCGT
BC106__BC69-R,GFP__PGK-MTS,AGTCACAACCAACCGT
BC107__﻿﻿BC1-R,ilvA__Ef1a,AGTCCGTGGTTTGTTT
BC107__BC2-R,ilvA__Ef1a,AGTCCGTGCCGTGTTT
BC107__BC3-R,ilvA__Ef1a,AGTCCGTGTAGTGTTT
BC107__BC4-R,ilvA__PGK,AGTCCGTGGGCGGTTT
BC107__BC5-R,ilvA__PGK,AGTCCGTGGATCGTTT
BC107__BC6-R,ilvA__PGK,AGTCCGTGTCACGTTT
BC107__BC64-R,ilvA__Ef1a-MTS,AGTCCGTGGTCGTCGT
BC107__BC65-R,ilvA__Ef1a-MTS,AGTCCGTGTTAAGCGT
BC107__BC66-R,ilvA__Ef1a-MTS,AGTCCGTGTGCTCCGT
BC107__BC67-R,ilvA__PGK-MTS,AGTCCGTGACTGCCGT
BC107__BC68-R,ilvA__PGK-MTS,AGTCCGTGTAACCCGT
BC107__BC69-R,ilvA__PGK-MTS,AGTCCGTGCCAACCGT
BC108__﻿﻿BC1-R,ilvA__Ef1a,AGTGCTTCGTTTGTTT
BC108__BC2-R,ilvA__Ef1a,AGTGCTTCCCGTGTTT
BC108__BC3-R,ilvA__Ef1a,AGTGCTTCTAGTGTTT
BC108__BC4-R,ilvA__PGK,AGTGCTTCGGCGGTTT
BC108__BC5-R,ilvA__PGK,AGTGCTTCGATCGTTT
BC108__BC6-R,ilvA__PGK,AGTGCTTCTCACGTTT
BC108__BC64-R,ilvA__Ef1a-MTS,AGTGCTTCGTCGTCGT
BC108__BC65-R,ilvA__Ef1a-MTS,AGTGCTTCTTAAGCGT
BC108__BC66-R,ilvA__Ef1a-MTS,AGTGCTTCTGCTCCGT
BC108__BC67-R,ilvA__PGK-MTS,AGTGCTTCACTGCCGT
BC108__BC68-R,ilvA__PGK-MTS,AGTGCTTCTAACCCGT
BC108__BC69-R,ilvA__PGK-MTS,AGTGCTTCCCAACCGT
BC109__﻿﻿BC1-R,ilvA__Ef1a,AGTTGAACGTTTGTTT
BC109__BC2-R,ilvA__Ef1a,AGTTGAACCCGTGTTT
BC109__BC3-R,ilvA__Ef1a,AGTTGAACTAGTGTTT
BC109__BC4-R,ilvA__PGK,AGTTGAACGGCGGTTT
BC109__BC5-R,ilvA__PGK,AGTTGAACGATCGTTT
BC109__BC6-R,ilvA__PGK,AGTTGAACTCACGTTT
BC109__BC64-R,ilvA__Ef1a-MTS,AGTTGAACGTCGTCGT
BC109__BC65-R,ilvA__Ef1a-MTS,AGTTGAACTTAAGCGT
BC109__BC66-R,ilvA__Ef1a-MTS,AGTTGAACTGCTCCGT
BC109__BC67-R,ilvA__PGK-MTS,AGTTGAACACTGCCGT
BC109__BC68-R,ilvA__PGK-MTS,AGTTGAACTAACCCGT
BC109__BC69-R,ilvA__PGK-MTS,AGTTGAACCCAACCGT
BC110__﻿﻿BC1-R,ilvB__Ef1a,AGTTGCGGGTTTGTTT
BC110__BC2-R,ilvB__Ef1a,AGTTGCGGCCGTGTTT
BC110__BC3-R,ilvB__Ef1a,AGTTGCGGTAGTGTTT
BC110__BC4-R,ilvB__PGK,AGTTGCGGGGCGGTTT
BC110__BC5-R,ilvB__PGK,AGTTGCGGGATCGTTT
BC110__BC6-R,ilvB__PGK,AGTTGCGGTCACGTTT
BC110__BC64-R,ilvB__Ef1a-MTS,AGTTGCGGGTCGTCGT
BC110__BC65-R,ilvB__Ef1a-MTS,AGTTGCGGTTAAGCGT
BC110__BC66-R,ilvB__Ef1a-MTS,AGTTGCGGTGCTCCGT
BC110__BC67-R,ilvB__PGK-MTS,AGTTGCGGACTGCCGT
BC110__BC68-R,ilvB__PGK-MTS,AGTTGCGGTAACCCGT
BC110__BC69-R,ilvB__PGK-MTS,AGTTGCGGCCAACCGT
BC111__﻿﻿BC1-R,ilvB__Ef1a,AGTTTGTAGTTTGTTT
BC111__BC2-R,ilvB__Ef1a,AGTTTGTACCGTGTTT
BC111__BC3-R,ilvB__Ef1a,AGTTTGTATAGTGTTT
BC111__BC4-R,ilvB__PGK,AGTTTGTAGGCGGTTT
BC111__BC5-R,ilvB__PGK,AGTTTGTAGATCGTTT
BC111__BC6-R,ilvB__PGK,AGTTTGTATCACGTTT
BC111__BC64-R,ilvB__Ef1a-MTS,AGTTTGTAGTCGTCGT
BC111__BC65-R,ilvB__Ef1a-MTS,AGTTTGTATTAAGCGT
BC111__BC66-R,ilvB__Ef1a-MTS,AGTTTGTATGCTCCGT
BC111__BC67-R,ilvB__PGK-MTS,AGTTTGTAACTGCCGT
BC111__BC68-R,ilvB__PGK-MTS,AGTTTGTATAACCCGT
BC111__BC69-R,ilvB__PGK-MTS,AGTTTGTACCAACCGT
BC113__﻿﻿BC1-R,ilvB__Ef1a,ATAAGCTAGTTTGTTT
BC113__BC2-R,ilvB__Ef1a,ATAAGCTACCGTGTTT
BC113__BC3-R,ilvB__Ef1a,ATAAGCTATAGTGTTT
BC113__BC4-R,ilvB__PGK,ATAAGCTAGGCGGTTT
BC113__BC5-R,ilvB__PGK,ATAAGCTAGATCGTTT
BC113__BC6-R,ilvB__PGK,ATAAGCTATCACGTTT
BC113__BC64-R,ilvB__Ef1a-MTS,ATAAGCTAGTCGTCGT
BC113__BC65-R,ilvB__Ef1a-MTS,ATAAGCTATTAAGCGT
BC113__BC66-R,ilvB__Ef1a-MTS,ATAAGCTATGCTCCGT
BC113__BC67-R,ilvB__PGK-MTS,ATAAGCTAACTGCCGT
BC113__BC68-R,ilvB__PGK-MTS,ATAAGCTATAACCCGT
BC113__BC69-R,ilvB__PGK-MTS,ATAAGCTACCAACCGT
BC114__﻿﻿BC1-R,ilvC__Ef1a,ATACACCCGTTTGTTT
BC114__BC2-R,ilvC__Ef1a,ATACACCCCCGTGTTT
BC114__BC3-R,ilvC__Ef1a,ATACACCCTAGTGTTT
BC114__BC4-R,ilvC__PGK,ATACACCCGGCGGTTT
BC114__BC5-R,ilvC__PGK,ATACACCCGATCGTTT
BC114__BC6-R,ilvC__PGK,ATACACCCTCACGTTT
BC114__BC64-R,ilvC__Ef1a-MTS,ATACACCCGTCGTCGT
BC114__BC65-R,ilvC__Ef1a-MTS,ATACACCCTTAAGCGT
BC114__BC66-R,ilvC__Ef1a-MTS,ATACACCCTGCTCCGT
BC114__BC67-R,ilvC__PGK-MTS,ATACACCCACTGCCGT
BC114__BC68-R,ilvC__PGK-MTS,ATACACCCTAACCCGT
BC114__BC69-R,ilvC__PGK-MTS,ATACACCCCCAACCGT
BC115__﻿﻿BC1-R,ilvC__Ef1a,ATACTCTCGTTTGTTT
BC115__BC2-R,ilvC__Ef1a,ATACTCTCCCGTGTTT
BC115__BC3-R,ilvC__Ef1a,ATACTCTCTAGTGTTT
BC115__BC4-R,ilvC__PGK,ATACTCTCGGCGGTTT
BC115__BC5-R,ilvC__PGK,ATACTCTCGATCGTTT
BC115__BC6-R,ilvC__PGK,ATACTCTCTCACGTTT
BC115__BC64-R,ilvC__Ef1a-MTS,ATACTCTCGTCGTCGT
BC115__BC65-R,ilvC__Ef1a-MTS,ATACTCTCTTAAGCGT
BC115__BC66-R,ilvC__Ef1a-MTS,ATACTCTCTGCTCCGT
BC115__BC67-R,ilvC__PGK-MTS,ATACTCTCACTGCCGT
BC115__BC68-R,ilvC__PGK-MTS,ATACTCTCTAACCCGT
BC115__BC69-R,ilvC__PGK-MTS,ATACTCTCCCAACCGT
BC116__﻿﻿BC1-R,ilvC__Ef1a,ATAGATGTGTTTGTTT
BC116__BC2-R,ilvC__Ef1a,ATAGATGTCCGTGTTT
BC116__BC3-R,ilvC__Ef1a,ATAGATGTTAGTGTTT
BC116__BC4-R,ilvC__PGK,ATAGATGTGGCGGTTT
BC116__BC5-R,ilvC__PGK,ATAGATGTGATCGTTT
BC116__BC6-R,ilvC__PGK,ATAGATGTTCACGTTT
BC116__BC64-R,ilvC__Ef1a-MTS,ATAGATGTGTCGTCGT
BC116__BC65-R,ilvC__Ef1a-MTS,ATAGATGTTTAAGCGT
BC116__BC66-R,ilvC__Ef1a-MTS,ATAGATGTTGCTCCGT
BC116__BC67-R,ilvC__PGK-MTS,ATAGATGTACTGCCGT
BC116__BC68-R,ilvC__PGK-MTS,ATAGATGTTAACCCGT
BC116__BC69-R,ilvC__PGK-MTS,ATAGATGTCCAACCGT
BC117__﻿﻿BC1-R,ilvD__Ef1a,ATATGCAAGTTTGTTT
BC117__BC2-R,ilvD__Ef1a,ATATGCAACCGTGTTT
BC117__BC3-R,ilvD__Ef1a,ATATGCAATAGTGTTT
BC117__BC4-R,ilvD__PGK,ATATGCAAGGCGGTTT
BC117__BC5-R,ilvD__PGK,ATATGCAAGATCGTTT
BC117__BC6-R,ilvD__PGK,ATATGCAATCACGTTT
BC117__BC64-R,ilvD__Ef1a-MTS,ATATGCAAGTCGTCGT
BC117__BC65-R,ilvD__Ef1a-MTS,ATATGCAATTAAGCGT
BC117__BC66-R,ilvD__Ef1a-MTS,ATATGCAATGCTCCGT
BC117__BC67-R,ilvD__PGK-MTS,ATATGCAAACTGCCGT
BC117__BC68-R,ilvD__PGK-MTS,ATATGCAATAACCCGT
BC117__BC69-R,ilvD__PGK-MTS,ATATGCAACCAACCGT
BC118__﻿﻿BC1-R,ilvD__Ef1a,ATATGGGTGTTTGTTT
BC118__BC2-R,ilvD__Ef1a,ATATGGGTCCGTGTTT
BC118__BC3-R,ilvD__Ef1a,ATATGGGTTAGTGTTT
BC118__BC4-R,ilvD__PGK,ATATGGGTGGCGGTTT
BC118__BC5-R,ilvD__PGK,ATATGGGTGATCGTTT
BC118__BC6-R,ilvD__PGK,ATATGGGTTCACGTTT
BC118__BC64-R,ilvD__Ef1a-MTS,ATATGGGTGTCGTCGT
BC118__BC65-R,ilvD__Ef1a-MTS,ATATGGGTTTAAGCGT
BC118__BC66-R,ilvD__Ef1a-MTS,ATATGGGTTGCTCCGT
BC118__BC67-R,ilvD__PGK-MTS,ATATGGGTACTGCCGT
BC118__BC68-R,ilvD__PGK-MTS,ATATGGGTTAACCCGT
BC118__BC69-R,ilvD__PGK-MTS,ATATGGGTCCAACCGT
BC119__﻿﻿BC1-R,ilvD__Ef1a,ATCAATCGGTTTGTTT
BC119__BC2-R,ilvD__Ef1a,ATCAATCGCCGTGTTT
BC119__BC3-R,ilvD__Ef1a,ATCAATCGTAGTGTTT
BC119__BC4-R,ilvD__PGK,ATCAATCGGGCGGTTT
BC119__BC5-R,ilvD__PGK,ATCAATCGGATCGTTT
BC119__BC6-R,ilvD__PGK,ATCAATCGTCACGTTT
BC119__BC64-R,ilvD__Ef1a-MTS,ATCAATCGGTCGTCGT
BC119__BC65-R,ilvD__Ef1a-MTS,ATCAATCGTTAAGCGT
BC119__BC66-R,ilvD__Ef1a-MTS,ATCAATCGTGCTCCGT
BC119__BC67-R,ilvD__PGK-MTS,ATCAATCGACTGCCGT
BC119__BC68-R,ilvD__PGK-MTS,ATCAATCGTAACCCGT
BC119__BC69-R,ilvD__PGK-MTS,ATCAATCGCCAACCGT
BC121__﻿﻿BC1-R,ilvN__Ef1a,ATCCCACCGTTTGTTT
BC121__BC2-R,ilvN__Ef1a,ATCCCACCCCGTGTTT
BC121__BC3-R,ilvN__Ef1a,ATCCCACCTAGTGTTT
BC121__BC4-R,ilvN__PGK,ATCCCACCGGCGGTTT
BC121__BC5-R,ilvN__PGK,ATCCCACCGATCGTTT
BC121__BC6-R,ilvN__PGK,ATCCCACCTCACGTTT
BC121__BC64-R,ilvN__Ef1a-MTS,ATCCCACCGTCGTCGT
BC121__BC65-R,ilvN__Ef1a-MTS,ATCCCACCTTAAGCGT
BC121__BC66-R,ilvN__Ef1a-MTS,ATCCCACCTGCTCCGT
BC121__BC67-R,ilvN__PGK-MTS,ATCCCACCACTGCCGT
BC121__BC68-R,ilvN__PGK-MTS,ATCCCACCTAACCCGT
BC121__BC69-R,ilvN__PGK-MTS,ATCCCACCCCAACCGT
BC122__﻿﻿BC1-R,ilvN__Ef1a,ATCCGCATGTTTGTTT
BC122__BC2-R,ilvN__Ef1a,ATCCGCATCCGTGTTT
BC122__BC3-R,ilvN__Ef1a,ATCCGCATTAGTGTTT
BC122__BC4-R,ilvN__PGK,ATCCGCATGGCGGTTT
BC122__BC5-R,ilvN__PGK,ATCCGCATGATCGTTT
BC122__BC6-R,ilvN__PGK,ATCCGCATTCACGTTT
BC122__BC64-R,ilvN__Ef1a-MTS,ATCCGCATGTCGTCGT
BC122__BC65-R,ilvN__Ef1a-MTS,ATCCGCATTTAAGCGT
BC122__BC66-R,ilvN__Ef1a-MTS,ATCCGCATTGCTCCGT
BC122__BC67-R,ilvN__PGK-MTS,ATCCGCATACTGCCGT
BC122__BC68-R,ilvN__PGK-MTS,ATCCGCATTAACCCGT
BC122__BC69-R,ilvN__PGK-MTS,ATCCGCATCCAACCGT
BC123__﻿﻿BC1-R,ilvN__Ef1a,ATCCTAGTGTTTGTTT
BC123__BC2-R,ilvN__Ef1a,ATCCTAGTCCGTGTTT
BC123__BC3-R,ilvN__Ef1a,ATCCTAGTTAGTGTTT
BC123__BC4-R,ilvN__PGK,ATCCTAGTGGCGGTTT
BC123__BC5-R,ilvN__PGK,ATCCTAGTGATCGTTT
BC123__BC6-R,ilvN__PGK,ATCCTAGTTCACGTTT
BC123__BC64-R,ilvN__Ef1a-MTS,ATCCTAGTGTCGTCGT
BC123__BC65-R,ilvN__Ef1a-MTS,ATCCTAGTTTAAGCGT
BC123__BC66-R,ilvN__Ef1a-MTS,ATCCTAGTTGCTCCGT
BC123__BC67-R,ilvN__PGK-MTS,ATCCTAGTACTGCCGT
BC123__BC68-R,ilvN__PGK-MTS,ATCCTAGTTAACCCGT
BC123__BC69-R,ilvN__PGK-MTS,ATCCTAGTCCAACCGT
BC142__﻿﻿BC1-R,ilvA mut 1__Ef1a,CAACGCAGGTTTGTTT
BC142__BC2-R,ilvA mut 1__Ef1a,CAACGCAGCCGTGTTT
BC142__BC3-R,ilvA mut 1__Ef1a,CAACGCAGTAGTGTTT
BC142__BC4-R,ilvA mut 1__PGK,CAACGCAGGGCGGTTT
BC142__BC5-R,ilvA mut 1__PGK,CAACGCAGGATCGTTT
BC142__BC6-R,ilvA mut 1__PGK,CAACGCAGTCACGTTT
BC142__BC64-R,ilvA mut 1__Ef1a-MTS,CAACGCAGGTCGTCGT
BC142__BC65-R,ilvA mut 1__Ef1a-MTS,CAACGCAGTTAAGCGT
BC142__BC66-R,ilvA mut 1__Ef1a-MTS,CAACGCAGTGCTCCGT
BC142__BC67-R,ilvA mut 1__PGK-MTS,CAACGCAGACTGCCGT
BC142__BC68-R,ilvA mut 1__PGK-MTS,CAACGCAGTAACCCGT
BC142__BC69-R,ilvA mut 1__PGK-MTS,CAACGCAGCCAACCGT
BC143__﻿﻿BC1-R,ilvA mut 1__Ef1a,CAAGGAATGTTTGTTT
BC143__BC2-R,ilvA mut 1__Ef1a,CAAGGAATCCGTGTTT
BC143__BC3-R,ilvA mut 1__Ef1a,CAAGGAATTAGTGTTT
BC143__BC4-R,ilvA mut 1__PGK,CAAGGAATGGCGGTTT
BC143__BC5-R,ilvA mut 1__PGK,CAAGGAATGATCGTTT
BC143__BC6-R,ilvA mut 1__PGK,CAAGGAATTCACGTTT
BC143__BC64-R,ilvA mut 1__Ef1a-MTS,CAAGGAATGTCGTCGT
BC143__BC65-R,ilvA mut 1__Ef1a-MTS,CAAGGAATTTAAGCGT
BC143__BC66-R,ilvA mut 1__Ef1a-MTS,CAAGGAATTGCTCCGT
BC143__BC67-R,ilvA mut 1__PGK-MTS,CAAGGAATACTGCCGT
BC143__BC68-R,ilvA mut 1__PGK-MTS,CAAGGAATTAACCCGT
BC143__BC69-R,ilvA mut 1__PGK-MTS,CAAGGAATCCAACCGT
BC144__﻿﻿BC1-R,ilvA mut 1__Ef1a,CAAGGGTTGTTTGTTT
BC144__BC2-R,ilvA mut 1__Ef1a,CAAGGGTTCCGTGTTT
BC144__BC3-R,ilvA mut 1__Ef1a,CAAGGGTTTAGTGTTT
BC144__BC4-R,ilvA mut 1__PGK,CAAGGGTTGGCGGTTT
BC144__BC5-R,ilvA mut 1__PGK,CAAGGGTTGATCGTTT
BC144__BC6-R,ilvA mut 1__PGK,CAAGGGTTTCACGTTT
BC144__BC64-R,ilvA mut 1__Ef1a-MTS,CAAGGGTTGTCGTCGT
BC144__BC65-R,ilvA mut 1__Ef1a-MTS,CAAGGGTTTTAAGCGT
BC144__BC66-R,ilvA mut 1__Ef1a-MTS,CAAGGGTTTGCTCCGT
BC144__BC67-R,ilvA mut 1__PGK-MTS,CAAGGGTTACTGCCGT
BC144__BC68-R,ilvA mut 1__PGK-MTS,CAAGGGTTTAACCCGT
BC144__BC69-R,ilvA mut 1__PGK-MTS,CAAGGGTTCCAACCGT
BC146__﻿﻿BC1-R,ilvA mut 2__Ef1a,CAATCTAGGTTTGTTT
BC146__BC2-R,ilvA mut 2__Ef1a,CAATCTAGCCGTGTTT
BC146__BC3-R,ilvA mut 2__Ef1a,CAATCTAGTAGTGTTT
BC146__BC4-R,ilvA mut 2__PGK,CAATCTAGGGCGGTTT
BC146__BC5-R,ilvA mut 2__PGK,CAATCTAGGATCGTTT
BC146__BC6-R,ilvA mut 2__PGK,CAATCTAGTCACGTTT
BC146__BC64-R,ilvA mut 2__Ef1a-MTS,CAATCTAGGTCGTCGT
BC146__BC65-R,ilvA mut 2__Ef1a-MTS,CAATCTAGTTAAGCGT
BC146__BC66-R,ilvA mut 2__Ef1a-MTS,CAATCTAGTGCTCCGT
BC146__BC67-R,ilvA mut 2__PGK-MTS,CAATCTAGACTGCCGT
BC146__BC68-R,ilvA mut 2__PGK-MTS,CAATCTAGTAACCCGT
BC146__BC69-R,ilvA mut 2__PGK-MTS,CAATCTAGCCAACCGT
BC147__﻿﻿BC1-R,ilvA mut 2__Ef1a,CAATTCTCGTTTGTTT
BC147__BC2-R,ilvA mut 2__Ef1a,CAATTCTCCCGTGTTT
BC147__BC3-R,ilvA mut 2__Ef1a,CAATTCTCTAGTGTTT
BC147__BC4-R,ilvA mut 2__PGK,CAATTCTCGGCGGTTT
BC147__BC5-R,ilvA mut 2__PGK,CAATTCTCGATCGTTT
BC147__BC6-R,ilvA mut 2__PGK,CAATTCTCTCACGTTT
BC147__BC64-R,ilvA mut 2__Ef1a-MTS,CAATTCTCGTCGTCGT
BC147__BC65-R,ilvA mut 2__Ef1a-MTS,CAATTCTCTTAAGCGT
BC147__BC66-R,ilvA mut 2__Ef1a-MTS,CAATTCTCTGCTCCGT
BC147__BC67-R,ilvA mut 2__PGK-MTS,CAATTCTCACTGCCGT
BC147__BC68-R,ilvA mut 2__PGK-MTS,CAATTCTCTAACCCGT
BC147__BC69-R,ilvA mut 2__PGK-MTS,CAATTCTCCCAACCGT
BC148__﻿﻿BC1-R,ilvA mut 2__Ef1a,CACAACCTGTTTGTTT
BC148__BC2-R,ilvA mut 2__Ef1a,CACAACCTCCGTGTTT
BC148__BC3-R,ilvA mut 2__Ef1a,CACAACCTTAGTGTTT
BC148__BC4-R,ilvA mut 2__PGK,CACAACCTGGCGGTTT
BC148__BC5-R,ilvA mut 2__PGK,CACAACCTGATCGTTT
BC148__BC6-R,ilvA mut 2__PGK,CACAACCTTCACGTTT
BC148__BC64-R,ilvA mut 2__Ef1a-MTS,CACAACCTGTCGTCGT
BC148__BC65-R,ilvA mut 2__Ef1a-MTS,CACAACCTTTAAGCGT
BC148__BC66-R,ilvA mut 2__Ef1a-MTS,CACAACCTTGCTCCGT
BC148__BC67-R,ilvA mut 2__PGK-MTS,CACAACCTACTGCCGT
BC148__BC68-R,ilvA mut 2__PGK-MTS,CACAACCTTAACCCGT
BC148__BC69-R,ilvA mut 2__PGK-MTS,CACAACCTCCAACCGT
BC149__﻿﻿BC1-R,ilvG__Ef1a,CACAAGTAGTTTGTTT
BC149__BC2-R,ilvG__Ef1a,CACAAGTACCGTGTTT
BC149__BC3-R,ilvG__Ef1a,CACAAGTATAGTGTTT
BC149__BC4-R,ilvG__PGK,CACAAGTAGGCGGTTT
BC149__BC5-R,ilvG__PGK,CACAAGTAGATCGTTT
BC149__BC6-R,ilvG__PGK,CACAAGTATCACGTTT
BC149__BC64-R,ilvG__Ef1a-MTS,CACAAGTAGTCGTCGT
BC149__BC65-R,ilvG__Ef1a-MTS,CACAAGTATTAAGCGT
BC149__BC66-R,ilvG__Ef1a-MTS,CACAAGTATGCTCCGT
BC149__BC67-R,ilvG__PGK-MTS,CACAAGTAACTGCCGT
BC149__BC68-R,ilvG__PGK-MTS,CACAAGTATAACCCGT
BC149__BC69-R,ilvG__PGK-MTS,CACAAGTACCAACCGT
BC150__﻿﻿BC1-R,ilvG__Ef1a,CACTAACCGTTTGTTT
BC150__BC2-R,ilvG__Ef1a,CACTAACCCCGTGTTT
BC150__BC3-R,ilvG__Ef1a,CACTAACCTAGTGTTT
BC150__BC4-R,ilvG__PGK,CACTAACCGGCGGTTT
BC150__BC5-R,ilvG__PGK,CACTAACCGATCGTTT
BC150__BC6-R,ilvG__PGK,CACTAACCTCACGTTT
BC150__BC64-R,ilvG__Ef1a-MTS,CACTAACCGTCGTCGT
BC150__BC65-R,ilvG__Ef1a-MTS,CACTAACCTTAAGCGT
BC150__BC66-R,ilvG__Ef1a-MTS,CACTAACCTGCTCCGT
BC150__BC67-R,ilvG__PGK-MTS,CACTAACCACTGCCGT
BC150__BC68-R,ilvG__PGK-MTS,CACTAACCTAACCCGT
BC150__BC69-R,ilvG__PGK-MTS,CACTAACCCCAACCGT
BC151__﻿﻿BC1-R,ilvG__Ef1a,CACTTGATGTTTGTTT
BC151__BC2-R,ilvG__Ef1a,CACTTGATCCGTGTTT
BC151__BC3-R,ilvG__Ef1a,CACTTGATTAGTGTTT
BC151__BC4-R,ilvG__PGK,CACTTGATGGCGGTTT
BC151__BC5-R,ilvG__PGK,CACTTGATGATCGTTT
BC151__BC6-R,ilvG__PGK,CACTTGATTCACGTTT
BC151__BC64-R,ilvG__Ef1a-MTS,CACTTGATGTCGTCGT
BC151__BC65-R,ilvG__Ef1a-MTS,CACTTGATTTAAGCGT
BC151__BC66-R,ilvG__Ef1a-MTS,CACTTGATTGCTCCGT
BC151__BC67-R,ilvG__PGK-MTS,CACTTGATACTGCCGT
BC151__BC68-R,ilvG__PGK-MTS,CACTTGATTAACCCGT
BC151__BC69-R,ilvG__PGK-MTS,CACTTGATCCAACCGT
BC152__﻿﻿BC1-R,ilvM__Ef1a,CAGACTCGGTTTGTTT
BC152__BC2-R,ilvM__Ef1a,CAGACTCGCCGTGTTT
BC152__BC3-R,ilvM__Ef1a,CAGACTCGTAGTGTTT
BC152__BC4-R,ilvM__PGK,CAGACTCGGGCGGTTT
BC152__BC5-R,ilvM__PGK,CAGACTCGGATCGTTT
BC152__BC6-R,ilvM__PGK,CAGACTCGTCACGTTT
BC152__BC64-R,ilvM__Ef1a-MTS,CAGACTCGGTCGTCGT
BC152__BC65-R,ilvM__Ef1a-MTS,CAGACTCGTTAAGCGT
BC152__BC66-R,ilvM__Ef1a-MTS,CAGACTCGTGCTCCGT
BC152__BC67-R,ilvM__PGK-MTS,CAGACTCGACTGCCGT
BC152__BC68-R,ilvM__PGK-MTS,CAGACTCGTAACCCGT
BC152__BC69-R,ilvM__PGK-MTS,CAGACTCGCCAACCGT
BC153__﻿﻿BC1-R,ilvM__Ef1a,CAGATGGGGTTTGTTT
BC153__BC2-R,ilvM__Ef1a,CAGATGGGCCGTGTTT
BC153__BC3-R,ilvM__Ef1a,CAGATGGGTAGTGTTT
BC153__BC4-R,ilvM__PGK,CAGATGGGGGCGGTTT
BC153__BC5-R,ilvM__PGK,CAGATGGGGATCGTTT
BC153__BC6-R,ilvM__PGK,CAGATGGGTCACGTTT
BC153__BC64-R,ilvM__Ef1a-MTS,CAGATGGGGTCGTCGT
BC153__BC65-R,ilvM__Ef1a-MTS,CAGATGGGTTAAGCGT
BC153__BC66-R,ilvM__Ef1a-MTS,CAGATGGGTGCTCCGT
BC153__BC67-R,ilvM__PGK-MTS,CAGATGGGACTGCCGT
BC153__BC68-R,ilvM__PGK-MTS,CAGATGGGTAACCCGT
BC153__BC69-R,ilvM__PGK-MTS,CAGATGGGCCAACCGT
BC155__﻿﻿BC1-R,ilvM__Ef1a,CAGTTTAAGTTTGTTT
BC155__BC2-R,ilvM__Ef1a,CAGTTTAACCGTGTTT
BC155__BC3-R,ilvM__Ef1a,CAGTTTAATAGTGTTT
BC155__BC4-R,ilvM__PGK,CAGTTTAAGGCGGTTT
BC155__BC5-R,ilvM__PGK,CAGTTTAAGATCGTTT
BC155__BC6-R,ilvM__PGK,CAGTTTAATCACGTTT
BC155__BC64-R,ilvM__Ef1a-MTS,CAGTTTAAGTCGTCGT
BC155__BC65-R,ilvM__Ef1a-MTS,CAGTTTAATTAAGCGT
BC155__BC66-R,ilvM__Ef1a-MTS,CAGTTTAATGCTCCGT
BC155__BC67-R,ilvM__PGK-MTS,CAGTTTAAACTGCCGT
BC155__BC68-R,ilvM__PGK-MTS,CAGTTTAATAACCCGT
BC155__BC69-R,ilvM__PGK-MTS,CAGTTTAACCAACCGT